Latitude: 42.7257  Longitude: -84.4777,,,,,,,,,,,,,
X & Y on Lambert Conformal Conic: 1205230.14 136370.46,,,,,,,,,,,,,
Tile: 11928,,,,,,,,,,,,,
Elevation: 260 meters,,,,,,,,,,,,,
All years; all variables; Daymet Software Version 4.0,,,,,,,,,,,,,
How to cite: Thornton; M.M.; R. Shrestha; Y. Wei; P.E. Thornton; S. Kao; and B.E. Wilson. 2020. Daymet: Daily Surface Weather Data on a 1-km Grid for North America; Version 4. ORNL DAAC; Oak Ridge; Tennessee; USA.  https://doi.org/10.3334/ORNLDAAC/1840 ,,,,,,,,,,,,,
,,,,,,,,,,,,,
year,yday,dayl (s),prcp (mm/day),srad (W/m^2),swe (kg/m^2),tmax (deg c),tmin (deg c),vp (Pa),mean_temp,gdd_tf,gdd,temp_diff,spring_precip
2022,1,32120.98,8.59,85.18,3.49,1.47,-3.15,484.27,-0.84,FALSE,0,2.02,267.92
2022,2,32167.03,0,145.04,3.49,-5.07,-10.99,264.21,-8.03,FALSE,0,8.56,267.92
2022,3,32216.85,0,239.1,3.49,-2.29,-15.1,189.2,-8.695,FALSE,0,5.78,267.92
2022,4,32270.39,0,241.63,3.49,1.82,-11.44,254.85,-4.81,FALSE,0,1.67,267.92
2022,5,32327.61,0.67,215.99,4.16,1.83,-8.4,324.24,-3.285,FALSE,0,2.33,267.92
2022,6,32388.47,0.47,119.98,4.63,-6.12,-10.77,268.94,-8.445,FALSE,0,10.75,267.92
2022,7,32452.92,0,219.66,4.63,-6.31,-16.33,170.65,-11.32,FALSE,0,10.94,267.92
2022,8,32520.92,0.3,264.68,4.92,1.14,-15.81,178.37,-7.335,FALSE,0,3.78,267.92
2022,9,32592.42,0,237.55,4.92,1.46,-10.28,279.51,-4.41,FALSE,0,3.46,267.92
2022,10,32667.37,0,114.5,4.92,-8.31,-12.59,232.24,-10.45,FALSE,0,13.23,267.92
2022,11,32745.72,0,269.29,4.92,0.02,-16.59,166.99,-8.285,FALSE,0,4.9,267.92
2022,12,32827.4,0,245.91,4.92,3.25,-8.96,310.33,-2.855,FALSE,0,1.67,267.92
2022,13,32912.37,0,84.76,3.18,1.25,-1.85,533.18,-0.3,FALSE,0,1.93,267.92
2022,14,33000.57,0,121.22,3.18,-2.36,-6.83,366.12,-4.595,FALSE,0,5.54,267.92
2022,15,33091.94,0,173.34,3.18,-6.72,-13.32,218.88,-10.02,FALSE,0,9.9,267.92
2022,16,33186.42,0,275.89,3.18,-0.69,-16.15,173.24,-8.42,FALSE,0,3.87,267.92
2022,17,33283.95,0,231.88,3.18,-1.35,-11.21,259.54,-6.28,FALSE,0,4.53,267.92
2022,18,33384.46,0,229.8,3.09,3.98,-5.78,397.11,-0.9,FALSE,0,0.89,267.92
2022,19,33487.9,0,233.97,3.09,3.77,-6.16,385.7,-1.195,FALSE,0,0.68,267.92
2022,20,33594.21,0,53.76,3.09,-7.33,-8.88,312.18,-8.105,FALSE,0,10.42,267.92
2022,21,33703.31,0,168.38,3.09,-5.3,-11.29,258.07,-8.295,FALSE,0,8.39,267.92
2022,22,33815.15,2.1,138.12,5.19,-4.47,-11.06,262.69,-7.765,FALSE,0,9.66,267.92
2022,23,33929.66,0.99,142.91,6.18,-5.93,-10.78,268.69,-8.355,FALSE,0,12.11,267.92
2022,24,34046.78,2.63,143.88,8.82,-4.7,-11.45,254.76,-8.075,FALSE,0,13.52,267.92
2022,25,34166.44,0,224.07,8.82,-6.48,-14.62,196.74,-10.55,FALSE,0,15.3,267.92
2022,26,34288.58,0,282.41,8.82,-7.57,-19.58,129.46,-13.575,FALSE,0,16.39,267.92
2022,27,34413.13,0.61,305.65,9.42,-2.38,-17.41,155.81,-9.895,FALSE,0,11.8,267.92
2022,28,34540.03,0,249.97,9.42,-7.64,-16.78,164.39,-12.21,FALSE,0,17.06,267.92
2022,29,34669.21,0,315.29,9.42,-5.85,-21.28,111.75,-13.565,FALSE,0,15.27,267.92
2022,30,34800.61,0,275.96,9.42,-2.87,-13.48,216.18,-8.175,FALSE,0,12.29,267.92
2022,31,34934.18,0,280.2,9.42,-0.57,-11.55,252.73,-6.06,FALSE,0,9.99,267.92
2022,32,35069.84,7.33,245.02,16.75,9.1,-8.75,315.46,0.175,FALSE,0,7.65,267.92
2022,33,35207.53,19.25,133.58,16.04,1.48,-4.31,443.98,-1.415,FALSE,0,14.56,267.92
2022,34,35347.19,0,131.18,16.04,-6.73,-10.61,272.29,-8.67,FALSE,0,22.77,267.92
2022,35,35488.76,0,290.88,16.04,-7.16,-17.59,153.55,-12.375,FALSE,0,23.2,267.92
2022,36,35632.18,0,313.93,16.04,-4.77,-17.07,160.43,-10.92,FALSE,0,20.81,267.92
2022,37,35777.39,0,332.27,16.04,1,-13.38,217.9,-6.19,FALSE,0,15.04,267.92
2022,38,35924.33,0,227.57,16.04,-0.48,-7.54,346.58,-4.01,FALSE,0,16.52,267.92
2022,39,36072.95,0,250.42,16.04,0.48,-7.35,351.76,-3.435,FALSE,0,15.56,267.92
2022,40,36223.18,0,304.36,15.91,5.17,-5.71,399.17,-0.27,FALSE,0,10.74,267.92
2022,41,36374.97,2.69,105.49,14.75,0.62,-3.24,481.03,-1.31,FALSE,0,14.13,267.92
2022,42,36528.27,1.37,224.12,13.79,2.64,-3.71,464.14,-0.535,FALSE,0,11.15,267.92
2022,43,36683.01,0,180.56,13.79,-4.4,-9.22,304.12,-6.81,FALSE,0,18.19,267.92
2022,44,36839.16,2.12,172.32,15.91,-7.22,-13.47,216.2,-10.345,FALSE,0,23.13,267.92
2022,45,36996.65,0,367.25,15.91,-5.9,-19.96,125.31,-12.93,FALSE,0,21.81,267.92
2022,46,37155.44,0,380.06,15.91,2.12,-13.96,207.81,-5.92,FALSE,0,13.79,267.92
2022,47,37315.46,21.26,288.67,37.17,9.67,-6.74,368.86,1.465,FALSE,0,27.5,267.92
2022,48,37476.69,6.72,180.67,35.99,3.41,-3.18,482.95,0.115,FALSE,0,32.58,267.92
2022,49,37639.06,0.38,333.39,36.37,-1.9,-11.96,244.45,-6.93,FALSE,0,38.27,267.92
2022,50,37802.53,0,332.35,36.37,-2.9,-12.95,225.68,-7.925,FALSE,0,39.27,267.92
2022,51,37967.05,0,415.2,36.37,8.24,-12.33,237.36,-2.045,FALSE,0,28.13,267.92
2022,52,38132.58,0,343.49,35.68,6.91,-4.35,442.36,1.28,FALSE,0,28.77,267.92
2022,53,38299.08,14.35,234.78,33.81,8.21,-1.54,545.5,3.335,FALSE,0,25.6,267.92
2022,54,38466.5,0,140.85,33.81,-3.09,-6.71,369.63,-4.9,FALSE,0,36.9,267.92
2022,55,38634.79,4.1,197.27,37.91,-2.32,-9.47,298.21,-5.895,FALSE,0,40.23,267.92
2022,56,38803.92,0,236.55,37.91,-2.79,-8.92,311.41,-5.855,FALSE,0,40.7,267.92
2022,57,38973.85,0,309.98,37.91,-0.66,-8.99,309.68,-4.825,FALSE,0,38.57,267.92
2022,58,39144.54,0,303.69,37.64,2.69,-5.36,409.78,-1.335,FALSE,0,34.95,267.92
2022,59,39315.95,0,345.61,37.64,2.45,-6.94,363.12,-2.245,FALSE,0,35.19,267.92
2022,60,39488.03,0,390.75,36.87,7.64,-4.15,449.04,1.745,FALSE,0,29.23,267.92
2022,61,39660.77,0,404.2,36.87,6.24,-6.14,386.23,0.05,FALSE,0,30.63,267.92
2022,62,39834.11,0,353.61,36.87,1.32,-7.79,339.99,-3.235,FALSE,0,35.55,267.92
2022,63,40008.02,0,433.69,36.87,5.17,-8.81,314.09,-1.82,FALSE,0,31.7,267.92
2022,64,40182.47,1.45,464.55,36.22,16.32,-4.46,423.03,5.93,FALSE,0,19.9,267.92
2022,65,40357.42,1.43,377.78,33.01,12.74,1.64,687.66,7.19,FALSE,0,20.27,267.92
2022,66,40532.85,4.23,82.5,30.72,1.79,-0.56,586.47,0.615,FALSE,0,28.93,267.92
2022,67,40708.71,0,278.31,29.34,3.8,-2.71,500.43,0.545,FALSE,0,25.54,267.92
2022,68,40884.99,0,413.7,28.77,7.03,-4.64,433,1.195,FALSE,0,21.74,267.92
2022,69,41061.63,5.26,247.55,28.52,2.53,-5.41,408.28,-1.44,FALSE,0,25.99,267.92
2022,70,41238.62,0.91,274.64,29.43,-0.8,-6.92,363.77,-3.86,FALSE,0,30.23,267.92
2022,71,41415.93,0,267.21,29.43,-6.02,-11.86,246.43,-8.94,FALSE,0,35.45,267.92
2022,72,41593.51,0,493.13,29.43,4.86,-12.75,229.31,-3.945,FALSE,0,24.57,267.92
2022,73,41771.36,0,482.9,28.8,12.69,-4.51,431.94,4.09,FALSE,0,16.11,267.92
2022,74,41949.42,0,392.83,27.08,8.68,-1.88,531.91,3.4,FALSE,0,18.4,267.92
2022,75,42127.69,0,502.75,25.49,19.18,-2.22,469.77,8.48,FALSE,0,6.31,267.92
2022,76,42306.12,0,495.19,22.22,21.98,1.78,610.91,11.88,TRUE,1.88,0.24,267.92
2022,77,42484.69,8.2,235.99,18.52,10.59,2.81,747.59,6.7,FALSE,1.88,7.93,267.92
2022,78,42663.37,4.42,131.74,14.53,7.46,3.49,784.02,5.475,FALSE,1.88,7.07,267.92
2022,79,42842.14,0,451.57,11.28,15.4,1.74,680.53,8.57,FALSE,1.88,4.12,267.92
2022,80,43020.96,0,498.29,9.15,17.18,-0.92,537.1,8.13,FALSE,1.88,8.03,267.92
2022,81,43199.8,13.36,237.89,6.28,8.32,0.82,648.1,4.57,FALSE,1.88,2.04,267.92
2022,82,43378.65,18.7,210.71,2.7,8.94,2.53,732.82,5.735,FALSE,1.88,6.24,267.92
2022,83,43557.47,3,145.78,0,8.47,3.76,799.57,6.115,FALSE,1.88,8.47,267.92
2022,84,43736.24,2.09,197.35,0,7.98,1.44,677.54,4.71,FALSE,1.88,7.98,267.92
2022,85,43914.92,1.97,150.8,0,1.36,-2.04,525.71,-0.34,FALSE,1.88,1.36,267.92
2022,86,44093.49,0,251.67,0,-0.7,-6.58,373.42,-3.64,FALSE,1.88,0.7,267.92
2022,87,44271.92,0,340.26,0,0.13,-8.29,327.16,-4.08,FALSE,1.88,0.13,267.92
2022,88,44450.19,2.51,387.46,2.51,6.58,-8.75,315.58,-1.085,FALSE,1.88,4.07,267.92
2022,89,44628.25,7.47,404.15,1.82,14.97,-4.34,442.92,5.315,FALSE,1.88,13.15,267.92
2022,90,44806.1,0.88,421.51,0,13.77,0.98,655.54,7.375,FALSE,1.88,13.77,267.92
2022,91,44983.69,0,223.92,0,3.98,-1.24,557.73,1.37,FALSE,1.88,3.98,267.92
2022,92,45160.99,1.7,418.62,0,6.78,-4.93,423.39,0.925,FALSE,1.88,6.78,267.92
2022,93,45337.98,0.43,360.56,0,7.99,-1.16,561.25,3.415,FALSE,1.88,7.99,267.92
2022,94,45514.63,9.35,220,0,7.04,0.34,625.78,3.69,FALSE,1.88,7.04,267.92
2022,95,45690.9,0,439.52,0,13.87,1.44,677.79,7.655,FALSE,1.88,13.87,267.92
2022,96,45866.77,14.81,229.82,0,11.18,3.94,809.44,7.56,FALSE,1.88,11.18,267.92
2022,97,46042.19,0.96,156.63,0,7.89,4.53,843.65,6.21,FALSE,1.88,7.89,267.92
2022,98,46217.15,9.81,215.86,0,8.36,1.95,703.13,5.155,FALSE,1.88,8.36,267.92
2022,99,46391.6,0,278.71,0,5.04,-0.98,568.54,2.03,FALSE,1.88,5.04,267.92
2022,100,46565.51,0,511.52,0,15.08,-3.2,482.33,5.94,FALSE,1.88,15.08,267.92
2022,101,46738.86,0,495.26,0,20.33,2.85,749.46,11.59,TRUE,3.47,20.33,267.92
2022,102,46911.59,0,515.78,0,19.98,-0.18,602.45,9.9,FALSE,3.47,19.98,267.92
2022,103,47083.68,11.91,345.07,0,19.84,5.88,927.11,12.86,TRUE,6.33,19.84,267.92
2022,104,47255.08,0,421.25,0,14.43,3.23,769.78,8.83,FALSE,6.33,14.43,267.92
2022,105,47425.77,0,282.68,0,10.04,3.82,802.8,6.93,FALSE,6.33,10.04,267.92
2022,106,47595.7,0,390.19,0,6.98,-1.81,534.88,2.585,FALSE,6.33,6.98,267.92
2022,107,47764.84,0,429.91,0,7.63,-2.59,504.74,2.52,FALSE,6.33,7.63,267.92
2022,108,47933.14,5.86,146.99,0,2.98,-0.91,571.33,1.035,FALSE,6.33,2.98,267.92
2022,109,48100.55,0,330.34,0,6.56,-0.33,596.33,3.115,FALSE,6.33,6.56,267.92
2022,110,48267.05,3.54,392.44,0,11.82,-3.71,464.36,4.055,FALSE,6.33,11.82,267.92
2022,111,48432.59,0.84,516.29,0,18.17,2.07,708.76,10.12,TRUE,6.45,18.17,267.92
2022,112,48597.11,27.66,316.8,0,12.14,2.16,713.47,7.15,FALSE,6.45,12.14,267.92
2022,113,48760.58,0,531.94,0,28.12,5.65,912.36,16.885,TRUE,13.335,28.12,267.92
2022,114,48922.96,10.36,345.09,0,26.93,12.65,1463.51,19.79,TRUE,23.125,26.93,267.92
2022,115,49084.18,0,286.62,0,15.73,9.05,1151.68,12.39,TRUE,25.515,15.73,267.92
2022,116,49244.22,0,208.77,0,6.92,2.45,728.37,4.685,FALSE,25.515,6.92,267.92
2022,117,49403,0,339.42,0,6.7,-0.92,570.93,2.89,FALSE,25.515,6.7,267.92
2022,118,49560.5,0,522.88,0,12.84,-3.03,488.7,4.905,FALSE,25.515,12.84,267.92
2022,119,49716.65,0,523.9,0,16.25,0.01,611.19,8.13,FALSE,25.515,16.25,267.92
2022,120,49871.4,7.47,331.45,0,15.95,4.7,853.65,10.325,TRUE,25.84,15.95,267.92
2022,121,50024.7,1.26,392.53,0,16.55,6.98,1000.25,11.765,TRUE,27.605,16.55,267.92
2022,122,50176.49,0,168.2,0,11.66,8.18,1085.27,9.92,FALSE,27.605,11.66,267.92
2022,123,50326.73,27.02,157.57,0,11.23,6.87,992.74,9.05,FALSE,27.605,11.23,267.92
2022,124,50475.35,0,354.06,0,14.99,7.04,1003.85,11.015,TRUE,28.62,14.99,267.92
2022,125,50622.29,0.84,493.57,0,15.57,2.38,724.77,8.975,FALSE,28.62,15.57,267.92
2022,126,50767.51,2.56,323.38,0,16.99,6.4,960.91,11.695,TRUE,30.315,16.99,267.92
2022,127,50910.93,0,467.94,0,18.51,6,934.74,12.255,TRUE,32.57,18.51,267.92
2022,128,51052.51,0,542.68,0,19.67,1.34,672.97,10.505,TRUE,33.075,19.67,267.92
2022,129,51192.17,0,520.24,0,24.22,6.71,981.61,15.465,TRUE,38.54,24.22,267.92
2022,130,51329.87,0,489.41,0,27.97,12.03,1404.4,20,TRUE,48.54,27.97,267.92
2022,131,51465.53,0,404.24,0,28.13,16.71,1900.99,22.42,TRUE,60.96,28.13,267.92
2022,132,51599.1,0,500.83,0,30.24,13.16,1512.67,21.7,TRUE,72.66,30.24,267.92
2022,133,51730.51,0,511.98,0,30.48,12.32,1424.93,21.4,TRUE,84.06,30.48,267.92
2022,134,51859.69,6.22,343.89,0,30.02,15.68,1780.54,22.85,TRUE,96.91,30.02,267.92
2022,135,51986.6,4.68,370.15,0,28.13,11.87,1390.17,20,TRUE,106.91,28.13,267.92
2022,136,52111.15,0,432.04,0,23.58,11.4,1347.23,17.49,TRUE,114.4,23.58,267.92
2022,137,52233.3,0,415.67,0,18.07,7.14,1011.18,12.605,TRUE,117.005,18.07,267.92
2022,138,52352.96,7.42,190.65,0,13.34,7.36,1026.6,10.35,TRUE,117.355,13.34,267.92
2022,139,52470.09,1.53,481.71,0,25.64,10.44,1263.85,18.04,TRUE,125.395,25.64,267.92
2022,140,52584.6,6.11,335.93,0,29.76,15.59,1770.08,22.675,TRUE,138.07,29.76,267.92
2022,141,52696.45,5.23,226.25,0,22.29,14.62,1663.43,18.455,TRUE,146.525,22.29,267.92
2022,142,52805.56,0,351.99,0,17.96,9.21,1163.48,13.585,TRUE,150.11,17.96,267.92
2022,143,52911.87,0,420,0,17.13,6.54,970.12,11.835,TRUE,151.945,17.13,267.92
2022,144,53015.32,0,507.6,0,20.55,5.56,906.77,13.055,TRUE,155,20.55,267.92
2022,145,53115.84,11.88,343.88,0,21.17,8.49,1108.83,14.83,TRUE,159.83,21.17,267.92
2022,146,53213.37,2.13,267.4,0,24.18,14.79,1681.95,19.485,TRUE,169.315,24.18,267.92
2022,147,53307.86,9.81,193.62,0,21.8,15.42,1751.57,18.61,TRUE,177.925,21.8,267.92
2022,148,53399.23,0,452.56,0,23.45,10.78,1292.55,17.115,TRUE,185.04,23.45,267.92
2022,149,53487.44,0,465.11,0,27.7,13.76,1573.05,20.73,TRUE,195.77,27.7,267.92
2022,150,53572.42,0,422.5,0,30.36,17.83,2040.9,24.095,TRUE,209.865,30.36,267.92
2022,151,53654.11,0.65,370.87,0,31.66,20.86,2465,26.26,TRUE,226.125,31.66,267.92
2022,152,53732.46,0,318.35,0,25.7,17.34,1979.46,21.52,TRUE,237.645,25.7,267.92
2022,153,53807.42,0,424.44,0,24.19,12.3,1429.41,18.245,TRUE,245.89,24.19,267.92
2022,154,53878.92,0,490.22,0,25.37,9.94,1222.39,17.655,TRUE,253.545,25.37,267.92
2022,155,53946.93,1.09,497.94,0,22.67,7.22,1016.68,14.945,TRUE,258.49,22.67,267.92
2022,156,54011.4,1.83,356.96,0,21.15,11.76,1379.75,16.455,TRUE,264.945,21.15,267.92
2022,157,54072.26,11.08,269.92,0,24.62,14.86,1688.92,19.74,TRUE,274.685,24.62,267.92
2022,158,54129.49,3.19,273.8,0,22.94,13.38,1534.51,18.16,TRUE,282.845,22.94,267.92
2022,159,54183.04,8.94,329.06,0,21.15,9.34,1173.85,15.245,TRUE,288.09,21.15,267.92
2022,160,54232.86,0,444.52,0,23.66,11.41,1347.82,17.535,TRUE,295.625,23.66,267.92
2022,161,54278.93,0,491.71,0,25.19,10.29,1251.52,17.74,TRUE,303.365,25.19,267.92
2022,162,54321.2,0,452.07,0,24.93,12.19,1419.87,18.56,TRUE,311.925,24.93,267.92
2022,163,54359.64,0,416.61,0,27.06,15.62,1773.71,21.34,TRUE,323.265,27.06,267.92
2022,164,54394.22,12.23,354.53,0,28.72,14.45,1645.14,21.585,TRUE,334.85,28.72,267.92
2022,165,54424.92,0,437.93,0,29.5,16.84,1917.71,23.17,TRUE,348.02,29.5,267.92
2022,166,54451.71,2.43,341.83,0,34.06,19.29,2236.92,26.675,TRUE,364.695,34.06,267.92
2022,167,54474.58,0,368.47,0,31.78,21.33,2537.04,26.555,TRUE,381.25,31.78,267.92
2022,168,54493.49,0,412.81,0,27.49,16.04,1822.15,21.765,TRUE,393.015,27.49,267.92
2022,169,54508.44,0,464.95,0,23.32,10.42,1262.18,16.87,TRUE,399.885,23.32,267.92
2022,170,54519.41,1.36,528.61,0,26.84,9.22,1164.39,18.03,TRUE,407.915,26.84,267.92
2022,171,54526.41,0,487.02,0,30.47,14.56,1656.5,22.515,TRUE,420.43,30.47,267.92
2022,172,54529.41,0,487.79,0,34.99,17.35,1954.84,26.17,TRUE,436.6,34.99,267.92
2022,173,54528.42,0,369.82,0,30.86,19.99,2336.36,25.425,TRUE,452.025,30.86,267.92
2022,174,54523.44,0,458.9,0,27.68,13.74,1571.36,20.71,TRUE,462.735,27.68,267.92
2022,175,54514.47,0,513.96,0,31.46,13.13,1440.52,22.295,TRUE,475.03,31.46,267.92
2022,176,54501.52,3.69,342.65,0,31.13,16.21,1842.36,23.67,TRUE,488.7,31.13,267.92
2022,177,54484.61,0,332.47,0,27.96,18.5,2129.12,23.23,TRUE,501.93,27.96,267.92
2022,178,54463.74,0,421.07,0,23.84,11.81,1384.37,17.825,TRUE,509.755,23.84,267.92
2022,179,54438.93,5.86,397.02,0,27.56,8.49,1108.21,18.025,TRUE,517.78,27.56,267.92
2022,180,54410.19,6.88,345.74,0,27.88,13.19,1515.75,20.535,TRUE,528.315,27.88,267.92
2022,181,54377.57,0,462.56,0,31.59,15.86,1785.76,23.725,TRUE,542.04,31.59,267.92
2022,182,54341.07,0,385.61,0,29.13,17.31,1975.21,23.22,TRUE,555.26,29.13,267.92
2022,183,54300.72,0,482.57,0,28.48,12.11,1398.35,20.295,TRUE,565.555,28.48,267.92
2022,184,54256.57,0,467.35,0,30.05,14.17,1603.99,22.11,TRUE,577.665,30.05,267.92
2022,185,54208.64,14.02,344.35,0,31.53,15.71,1783.95,23.62,TRUE,591.285,31.53,267.92
2022,186,54156.96,1.85,373.28,0,30.79,18.97,2192.18,24.88,TRUE,606.165,30.79,267.92
2022,187,54101.59,4.87,162.37,0,24.85,18.79,2168.07,21.82,TRUE,617.985,24.85,267.92
2022,188,54042.55,0,440.92,0,28.62,14.26,1625.21,21.44,TRUE,629.425,28.62,267.92
2022,189,53979.89,0,367.66,0,27.79,16.62,1890.92,22.205,TRUE,641.63,27.79,267.92
2022,190,53913.67,0,465.76,0,26.73,11.4,1335.91,19.065,TRUE,650.695,26.73,267.92
2022,191,53843.92,0,517.83,0,28.46,9.28,1114.67,18.87,TRUE,659.565,28.46,267.92
2022,192,53770.69,3.19,318.11,0,28.13,14.4,1639.42,21.265,TRUE,670.83,28.13,267.92
2022,193,53694.05,0,314.64,0,26.94,17.55,2005.49,22.245,TRUE,683.075,26.94,267.92
2022,194,53614.03,3.2,270.36,0,25.5,14.79,1681.78,20.145,TRUE,693.22,25.5,267.92
2022,195,53530.71,0,440.26,0,27.23,12.98,1494.66,20.105,TRUE,703.325,27.23,267.92
2022,196,53444.12,8.62,303.53,0,26.43,13.92,1589.79,20.175,TRUE,713.5,26.43,267.92
2022,197,53354.34,0,346.11,0,27.57,17.09,1947.73,22.33,TRUE,725.83,27.57,267.92
2022,198,53261.41,0,283.25,0,26.97,18.66,2150.03,22.815,TRUE,738.645,26.97,267.92
2022,199,53165.41,0,398.82,0,31.13,18.08,2073.2,24.605,TRUE,753.25,31.13,267.92
2022,200,53066.39,0,397.84,0,32.11,18.99,2195.13,25.55,TRUE,768.8,32.11,267.92
2022,201,52964.41,0,335.93,0,32.39,21.74,2601.5,27.065,TRUE,785.865,32.39,267.92
2022,202,52859.53,0,360.99,0,31.49,20.21,2367.48,25.85,TRUE,801.715,31.49,267.92
2022,203,52751.83,1.32,401.37,0,31.66,18.76,2098.92,25.21,TRUE,816.925,31.66,267.92
2022,204,52641.35,21.97,280.19,0,31.48,19.69,2292.52,25.585,TRUE,832.51,31.48,267.92
2022,205,52528.17,5.39,248.97,0,29.35,19.58,2276.49,24.465,TRUE,846.975,29.35,267.92
2022,206,52412.36,0,386.54,0,25.41,14.34,1632.87,19.875,TRUE,856.85,25.41,267.92
2022,207,52293.97,0,435,0,26.74,13.36,1528.56,20.05,TRUE,866.9,26.74,267.92
2022,208,52173.07,0,419.77,0,27.95,14.99,1703.59,21.47,TRUE,878.37,27.95,267.92
2022,209,52049.72,0,343.94,0,26.57,16.88,1922.13,21.725,TRUE,890.095,26.57,267.92
2022,210,51923.99,0,428.77,0,26.71,13.8,1577.2,20.255,TRUE,900.35,26.71,267.92
2022,211,51795.95,0,470.44,0,27.94,12.77,1415.31,20.355,TRUE,910.705,27.94,267.92
2022,212,51665.65,0,452.92,0,29.16,14.57,1599.65,21.865,TRUE,922.57,29.16,267.92
2022,213,51533.16,0,374.01,0,28.87,17.83,2040.92,23.35,TRUE,935.92,28.87,267.92
2022,214,51398.55,0,420.33,0,28.34,15.7,1688.28,22.02,TRUE,947.94,28.34,267.92
2022,215,51261.87,33.2,330.92,0,33.3,18.27,2098.81,25.785,TRUE,963.725,33.3,267.92
2022,216,51123.19,9.44,199.35,0,28.52,21.14,2507.25,24.83,TRUE,978.555,28.52,267.92
2022,217,50982.57,0,319.41,0,29.94,20.66,2433.81,25.3,TRUE,993.855,29.94,267.92
2022,218,50840.07,0,357.85,0,31.83,20.94,2476.54,26.385,TRUE,1010.24,31.83,267.92
2022,219,50695.75,27.34,235.46,0,31.24,22,2642.29,26.62,TRUE,1026.86,31.24,267.92
2022,220,50549.67,2.72,236.01,0,29.49,20.59,2424.09,25.04,TRUE,1041.9,29.49,267.92
2022,221,50401.89,0,366.71,0,24.73,14.92,1695.4,19.825,TRUE,1051.725,24.73,267.92
2022,222,50252.47,0,465.74,0,27.61,12.88,1485.02,20.245,TRUE,1061.97,27.61,267.92
2022,223,50101.45,0,398.81,0,25.32,14.12,1610.61,19.72,TRUE,1071.69,25.32,267.92
2022,224,49948.9,0,480.87,0,25.8,10.15,1239.42,17.975,TRUE,1079.665,25.8,267.92
2022,225,49794.88,13.59,169.83,0,17.47,12.09,1410.57,14.78,TRUE,1084.445,17.47,267.92
2022,226,49639.43,0,315.73,0,22.06,14.09,1607.05,18.075,TRUE,1092.52,22.06,267.92
2022,227,49482.61,0,422.87,0,26.77,14.29,1628.22,20.53,TRUE,1103.05,26.77,267.92
2022,228,49324.46,0,453.03,0,27.49,13.04,1501.35,20.265,TRUE,1113.315,27.49,267.92
2022,229,49165.05,0,448.86,0,27.45,13.14,1510.92,20.295,TRUE,1123.61,27.45,267.92
2022,230,49004.42,0,447.72,0,27.97,13.48,1545.01,20.725,TRUE,1134.335,27.97,267.92
2022,231,48842.62,0,450.52,0,28.72,13.67,1563.49,21.195,TRUE,1145.53,28.72,267.92
2022,232,48679.7,14.4,287.8,0,27.83,16.25,1846.21,22.04,TRUE,1157.57,27.83,267.92
2022,233,48515.7,0,337.17,0,26.55,16.95,1930.61,21.75,TRUE,1169.32,26.55,267.92
2022,234,48350.67,0,352.66,0,26.87,16.67,1896.81,21.77,TRUE,1181.09,26.87,267.92
2022,235,48184.65,0,431.43,0,27.01,13.12,1508.75,20.065,TRUE,1191.155,27.01,267.92
2022,236,48017.69,0,425.17,0,29.1,14.92,1695.77,22.01,TRUE,1203.165,29.1,267.92
2022,237,47849.83,1.02,365.81,0,27.01,16.01,1818.97,21.51,TRUE,1214.675,27.01,267.92
2022,238,47681.11,0,308.93,0,24.8,16.17,1836.62,20.485,TRUE,1225.16,24.8,267.92
2022,239,47511.58,0,420.81,0,27.05,13.34,1530.95,20.195,TRUE,1235.355,27.05,267.92
2022,240,47341.27,2.28,328.8,0,29.92,14.25,1624.36,22.085,TRUE,1247.44,29.92,267.92
2022,241,47170.22,9.89,272.32,0,29.57,18.02,2065.55,23.795,TRUE,1261.235,29.57,267.92
2022,242,46998.47,0,275,0,25.23,17.53,2003.36,21.38,TRUE,1272.615,25.23,267.92
2022,243,46826.06,0,392.94,0,26.91,14.48,1648.4,20.695,TRUE,1283.31,26.91,267.92
2022,244,46653.02,0,429.1,0,29.12,13.96,1593.79,21.54,TRUE,1294.85,29.12,267.92
2022,245,46479.39,0,390.62,0,29.23,16.25,1846.81,22.74,TRUE,1307.59,29.23,267.92
2022,246,46305.2,5.63,284.6,0,30.24,17.36,1981.71,23.8,TRUE,1321.39,30.24,267.92
2022,247,46130.5,0,117.37,0,19.64,16.65,1893.58,18.145,TRUE,1329.535,19.64,267.92
2022,248,45955.3,0,264.52,0,22,14.71,1672.75,18.355,TRUE,1337.89,22,267.92
2022,249,45779.66,0,306.37,0,24.22,15.34,1741.79,19.78,TRUE,1347.67,24.22,267.92
2022,250,45603.58,0,399.61,0,25.07,11.89,1391.71,18.48,TRUE,1356.15,25.07,267.92
2022,251,45427.12,0,439.33,0,27.57,10.7,1286.03,19.135,TRUE,1365.285,27.57,267.92
2022,252,45250.3,0,428.32,0,27.81,11.56,1361.6,19.685,TRUE,1374.97,27.81,267.92
2022,253,45073.15,1.36,387.91,0,29.74,15.55,1765.36,22.645,TRUE,1387.615,29.74,267.92
2022,254,44895.7,13.64,134.09,0,22.96,17.83,2041.55,20.395,TRUE,1398.01,22.96,267.92
2022,255,44717.98,0,225.78,0,18.76,12.45,1443.78,15.605,TRUE,1403.615,18.76,267.92
2022,256,44540.03,0,402.07,0,22.51,8.56,1113.71,15.535,TRUE,1409.15,22.51,267.92
2022,257,44361.86,0,393.59,0,25.18,11.08,1319.15,18.13,TRUE,1417.28,25.18,267.92
2022,258,44183.51,0,357.77,0,24.14,12.15,1415.65,18.145,TRUE,1425.425,24.14,267.92
2022,259,44005,0,385.23,0,27.22,12.99,1495.62,20.105,TRUE,1435.53,27.22,267.92
2022,260,43826.37,3.38,289.09,0,29.01,14.14,1612.34,21.575,TRUE,1447.105,29.01,267.92
2022,261,43647.65,0,301.74,0,28.12,17.89,2048.1,23.005,TRUE,1460.11,28.12,267.92
2022,262,43468.85,0,298.4,0,25.91,16.08,1826.76,20.995,TRUE,1471.105,25.91,267.92
2022,263,43290.01,29.57,259.42,0,24.12,12.22,1422.17,18.17,TRUE,1479.275,24.12,267.92
2022,264,43111.16,2.06,278.09,0,28.43,13.98,1595.94,21.205,TRUE,1490.48,28.43,267.92
2022,265,42932.32,0,266.87,0,17.22,9.14,1158.46,13.18,TRUE,1493.66,17.22,267.92
2022,266,42753.53,0.67,397.39,0,17.94,3.29,773.08,10.615,TRUE,1494.275,17.94,267.92
2022,267,42574.8,1.19,313.01,0,17.19,7.19,1014.39,12.19,TRUE,1496.465,17.19,267.92
2022,268,42396.17,3.87,165.82,0,17.51,10.82,1296.6,14.165,TRUE,1500.63,17.51,267.92
2022,269,42217.66,2.5,146.12,0,14.85,9.2,1162.77,12.025,TRUE,1502.655,14.85,267.92
2022,270,42039.31,0.82,233.06,0,14.49,7.74,1053.72,11.115,TRUE,1503.77,14.49,267.92
2022,271,41861.14,0,189.75,0,12.84,7.55,1039.83,10.195,TRUE,1503.965,12.84,267.92
2022,272,41683.18,0,310.88,0,16.35,6.53,969.86,11.44,TRUE,1505.405,16.35,267.92
2022,273,41505.46,0,401.88,0,19.26,2.49,730.57,10.875,TRUE,1506.28,19.26,267.92
2022,274,41328.01,0,395.02,0,20.64,3.95,810.18,12.295,TRUE,1508.575,20.64,267.92
2022,275,41150.86,0,328.89,0,18.09,6.72,982.54,12.405,TRUE,1510.98,18.09,267.92
2022,276,40974.04,0,402.41,0,19.75,1.12,662.13,10.435,TRUE,1511.415,19.75,267.92
2022,277,40797.57,0,402.71,0,22.44,1.61,685.88,12.025,TRUE,1513.44,22.44,267.92
2022,278,40621.5,0,389.06,0,23.31,3.62,791.39,13.465,TRUE,1516.905,23.31,267.92
2022,279,40445.85,2.04,258.24,0,22.1,7.1,1008.25,14.6,TRUE,1521.505,22.1,267.92
2022,280,40270.65,0,217.08,0,10.88,3.52,786.06,7.2,FALSE,1521.505,10.88,267.92
2022,281,40095.94,0,335.07,0,12.66,-0.62,583.63,6.02,FALSE,1521.505,12.66,267.92
2022,282,39921.75,0,358.56,0,18.95,2.56,734.29,10.755,TRUE,1522.26,18.95,267.92
2022,283,39748.12,0,357.59,0,20.11,3.15,765.83,11.63,TRUE,1523.89,20.11,267.92
2022,284,39575.08,10.44,267.58,0,23.94,5.29,889.72,14.615,TRUE,1528.505,23.94,267.92
2022,285,39402.66,5.89,233.96,0,21.57,7.29,1021.67,14.43,TRUE,1532.935,21.57,267.92
2022,286,39230.91,1.49,175.01,0,12.25,5.81,922.36,9.03,FALSE,1532.935,12.25,267.92
2022,287,39059.85,3.34,195.84,0,13.34,3.01,758.16,8.175,FALSE,1532.935,13.34,267.92
2022,288,38889.54,0,229.62,0,12.06,3.3,773.56,7.68,FALSE,1532.935,12.06,267.92
2022,289,38720,4.26,175.76,0,12.9,3.87,805.4,8.385,FALSE,1532.935,12.9,267.92
2022,290,38551.27,3.86,109.73,0,7.94,2.8,746.83,5.37,FALSE,1532.935,7.94,267.92
2022,291,38383.41,4.81,60.52,0,5.02,2.47,729.47,3.745,FALSE,1532.935,5.02,267.92
2022,292,38216.44,0.98,162.79,0,7.94,2.22,716.57,5.08,FALSE,1532.935,7.94,267.92
2022,293,38050.42,0.91,221.85,0,9.63,1.43,677.42,5.53,FALSE,1532.935,9.63,267.92
2022,294,37885.38,0,341.72,0,20.63,0.49,632.85,10.56,TRUE,1533.495,20.63,267.92
2022,295,37721.37,0,312.98,0,24.25,7.1,1008.01,15.675,TRUE,1539.17,24.25,267.92
2022,296,37558.44,0,274.8,0,24.18,10.67,1283.82,17.425,TRUE,1546.595,24.18,267.92
2022,297,37396.64,0,266.4,0,25.24,11.89,1391.38,18.565,TRUE,1555.16,25.24,267.92
2022,298,37236,5.3,177.45,0,22.25,11.17,1326.72,16.71,TRUE,1561.87,22.25,267.92
2022,299,37076.58,9.85,101.81,0,14.03,8.5,1109.34,11.265,TRUE,1563.135,14.03,267.92
2022,300,36918.43,0,269.44,0,11.63,-1.21,558.96,5.21,FALSE,1563.135,11.63,267.92
2022,301,36761.6,0,292.38,0,15.82,-0.31,597.05,7.755,FALSE,1563.135,15.82,267.92
2022,302,36606.14,0,305.93,0,17.96,-1.33,554.05,8.315,FALSE,1563.135,17.96,267.92
2022,303,36452.1,10.57,206.75,0,16.29,1.02,657.59,8.655,FALSE,1563.135,16.29,267.92
2022,304,36299.55,2.63,145.47,0,14.95,5.83,924.04,10.39,TRUE,1563.525,14.95,267.92
2022,305,36148.52,0,222.1,0,18.96,7.63,1045.8,13.295,TRUE,1566.82,18.96,267.92
2022,306,35999.08,0,282.66,0,20.24,2.56,734.07,11.4,TRUE,1568.22,20.24,267.92
2022,307,35851.29,0,272.07,0,21.6,4.85,862.68,13.225,TRUE,1571.445,21.6,267.92
2022,308,35705.2,1.35,227.79,0,21.59,9.31,1171.54,15.45,TRUE,1576.895,21.59,267.92
2022,309,35560.87,1.87,197.24,0,21.29,11.17,1326.94,16.23,TRUE,1583.125,21.29,267.92
2022,310,35418.36,0,236.51,0,18.62,5.56,906.41,12.09,TRUE,1585.215,18.62,267.92
2022,311,35277.72,0,166.95,0,12.34,4.45,838.84,8.395,FALSE,1585.215,12.34,267.92
2022,312,35139.03,0,238.22,0,12.09,-0.65,582.3,5.72,FALSE,1585.215,12.09,267.92
2022,313,35002.34,0,265.91,0,18.71,1.42,676.76,10.065,TRUE,1585.28,18.71,267.92
2022,314,34867.71,0,248.43,0,24.09,7.9,1064.78,15.995,TRUE,1591.275,24.09,267.92
2022,315,34735.21,0,199.05,0,16.16,5.78,920.81,10.97,TRUE,1592.245,16.16,267.92
2022,316,34604.9,0,76.73,0,3.99,0.68,641.54,2.335,FALSE,1592.245,3.99,267.92
2022,317,34476.84,0,102.22,0,3.42,-1.1,563.72,1.16,FALSE,1592.245,3.42,267.92
2022,318,34351.1,0,139.28,0,3.47,-2.88,494.2,0.295,FALSE,1592.245,3.47,267.92
2022,319,34227.74,4.87,60.2,0,1.64,-1.81,535.03,-0.085,FALSE,1592.245,1.64,267.92
2022,320,34106.82,0,74.79,0,2.05,-1.15,561.31,0.45,FALSE,1592.245,2.05,267.92
2022,321,33988.41,7.45,90.61,0,1.3,-4.2,447.45,-1.45,FALSE,1592.245,1.3,267.92
2022,322,33872.58,0.94,86.9,0,-0.69,-4.54,436.3,-2.615,FALSE,1592.245,0.69,267.92
2022,323,33759.38,1.32,109.52,1.32,-2.88,-7.26,354.34,-5.07,FALSE,1592.245,4.2,267.92
2022,324,33648.89,0,190.95,1.32,-2.13,-10.16,282.35,-6.145,FALSE,1592.245,3.45,267.92
2022,325,33541.17,0,250.46,1.32,4.75,-7.78,340.37,-1.515,FALSE,1592.245,3.43,267.92
2022,326,33436.27,0,265.4,1.32,7.39,-7.57,345.95,-0.09,FALSE,1592.245,6.07,267.92
2022,327,33334.27,0,272.71,1.18,12.05,-5.67,400.26,3.19,FALSE,1592.245,10.87,267.92
2022,328,33235.23,0,258.65,0.05,12.28,-3.31,478.54,4.485,FALSE,1592.245,12.23,267.92
2022,329,33139.21,0,178.22,0,9.38,-0.25,599.83,4.565,FALSE,1592.245,9.38,267.92
2022,330,33046.26,0,212.13,0,12.26,-0.95,569.87,5.655,FALSE,1592.245,12.26,267.92
2022,331,32956.46,7.85,65.03,0,5.03,0.96,654.56,2.995,FALSE,1592.245,5.03,267.92
2022,332,32869.85,0,106.41,0,5.51,0.57,636.56,3.04,FALSE,1592.245,5.51,267.92
2022,333,32786.5,2,154.8,0,11.95,-0.16,603.65,5.895,FALSE,1592.245,11.95,267.92
2022,334,32706.47,0,134.39,0,5.83,-0.58,585.3,2.625,FALSE,1592.245,5.83,267.92
2022,335,32629.8,0,129.43,0,2.32,-3.67,465.57,-0.675,FALSE,1592.245,2.32,267.92
2022,336,32556.55,2.95,160.69,0,11.09,-2.14,521.85,4.475,FALSE,1592.245,11.09,267.92
2022,337,32486.78,0,168.5,0,5.25,-2.97,490.8,1.14,FALSE,1592.245,5.25,267.92
2022,338,32420.53,0,194.29,0,3.33,-6.87,365.18,-1.77,FALSE,1592.245,3.33,267.92
2022,339,32357.85,0,177,0,4.9,-4,454.47,0.45,FALSE,1592.245,4.9,267.92
2022,340,32298.79,0,135.15,0,5.61,-0.58,585.23,2.515,FALSE,1592.245,5.61,267.92
2022,341,32243.39,0,125.66,0,8.16,2.4,725.83,5.28,FALSE,1592.245,8.16,267.92
2022,342,32191.69,0,69.95,0,3.06,0.16,618,1.61,FALSE,1592.245,3.06,267.92
2022,343,32143.73,2.03,66.53,0,1.55,-2.03,526.19,-0.24,FALSE,1592.245,1.55,267.92
2022,344,32099.55,1.43,60.46,0,1.49,-0.76,577.91,0.365,FALSE,1592.245,1.49,267.92
2022,345,32059.19,0,75.71,0,2.47,-0.39,593.69,1.04,FALSE,1592.245,2.47,267.92
2022,346,32022.66,0,51.27,0,1.68,-0.13,605,0.775,FALSE,1592.245,1.68,267.92
2022,347,31990.01,0,87.1,0,1.85,-1.46,548.87,0.195,FALSE,1592.245,1.85,267.92
2022,348,31961.25,5.2,105.26,0,4.27,-1.47,548.62,1.4,FALSE,1592.245,4.27,267.92
2022,349,31936.41,0,122.19,0,5.1,0.18,618.76,2.64,FALSE,1592.245,5.1,267.92
2022,350,31915.52,1.45,66.46,0,1,-1.47,548.24,-0.235,FALSE,1592.245,1,267.92
2022,351,31898.57,0.59,55.44,0,-1.76,-3.72,464.06,-2.74,FALSE,1592.245,1.76,267.92
2022,352,31885.6,0,54.26,0,-2.77,-4.67,432.07,-3.72,FALSE,1592.245,2.77,267.92
2022,353,31876.61,0,63.66,0,-3.67,-5.94,392.19,-4.805,FALSE,1592.245,3.67,267.92
2022,354,31871.6,0,156.45,0,0.81,-5.58,402.94,-2.385,FALSE,1592.245,0.81,267.92
2022,355,31870.59,0,182.23,0,-1.53,-9.4,299.7,-5.465,FALSE,1592.245,1.53,267.92
2022,356,31873.56,9.69,178.53,9.69,2.99,-8.47,322.38,-2.74,FALSE,1592.245,6.7,267.92
2022,357,31880.53,3.16,113.73,12.85,-10.19,-14.98,191.06,-12.585,FALSE,1592.245,23.04,267.92
2022,358,31891.48,2.01,164.4,14.87,-8.58,-16.63,166.49,-12.605,FALSE,1592.245,23.45,267.92
2022,359,31906.4,0.29,172.01,15.16,-8.39,-13.77,210.95,-11.08,FALSE,1592.245,23.55,267.92
2022,360,31925.29,0,167.49,15.16,-5.73,-10.81,268.14,-8.27,FALSE,1592.245,20.89,267.92
2022,361,31948.12,0,217.95,15.16,-1.72,-9.55,296.32,-5.635,FALSE,1592.245,16.88,267.92
2022,362,31974.89,0,240.68,14.75,5.8,-5.04,420.1,0.38,FALSE,1592.245,8.95,267.92
2022,363,32005.56,0,239.15,12.07,11.91,0.38,627.94,6.145,FALSE,1592.245,0.16,267.92
2022,364,32040.12,4.63,151.29,7.57,12.35,4.71,854.76,8.53,FALSE,1592.245,4.78,267.92
2022,365,32078.54,0,164.7,4.69,6.2,0.86,649.93,3.53,FALSE,1592.245,1.51,267.92